<Package xmlns="http://schemas.microsoft.com/navx/2015/manifest">
  <App Id="437dbf0e-84ff-417a-965d-ed2bb9650972" Name="Base Application" Publisher="Microsoft" Brief="Base Application (US)" Description="" Version="16.0.11240.11846" CompatibilityId="0.0.0.0" PrivacyStatement="https://go.microsoft.com/fwlink/?LinkId=724009" ApplicationInsightsKey="00000000-0000-0000-0000-000000000000" EULA="https://go.microsoft.com/fwlink/?linkid=2009120" Help="https://go.microsoft.com/fwlink/?linkid=2104024" HelpBaseUrl="" Url="https://go.microsoft.com/fwlink/?LinkId=724011" Logo="/logo/ExtensionLogo.png" Platform="16.0.0.0" Runtime="5.0" Target="OnPrem" ShowMyCode="True" />
  <IdRanges>
    <IdRange MinObjectId="1" MaxObjectId="2147483647" />
  </IdRanges>
  <Dependencies>
    <Dependency Id="63ca2fa4-4f03-4f2b-a480-172fef340d3f" Name="System Application" Publisher="Microsoft" MinVersion="16.0.0.0" CompatibilityId="0.0.0.0" />
  </Dependencies>
  <InternalsVisibleTo>
    <Module Id="c49d9d39-1c94-46d2-8bf7-3cce15ba54dc" Name="Tests-SMTP" Publisher="Microsoft" />
    <Module Id="8c9fc75f-dc51-40de-a6fa-55e7bbe0c0c2" Name="Tests-What's New Notifier Test" Publisher="Microsoft" />
  </InternalsVisibleTo>
  <ScreenShots />
  <SupportedLocales />
  <Features />
</Package>