﻿{"PageCustomizations":[],"Profiles":[{"Properties":[{"Value":"Shop Supervisor - Manufacturing Foundation","Name":"Caption"},{"Value":"Functionality for employees at simplfied manufacturing sites in charge of overseeing production execution, including to make sure machine operators are productive.","Name":"ProfileDescription"},{"Value":"Shop Supervisor Mfg Foundation","Name":"RoleCenter"},{"Value":"0","Name":"Enabled"}],"Name":"SHOP SUPERVISOR - FOUNDATION"}],"AppId":"00000000-0000-0000-0000-000000000000"}